country_name,year,population
Kenya,2020,"53,771,296"
Kenya,2019,"52,573,973"
Kenya,2018,"51,392,565"
Kenya,2017,"50,221,142"
Kenya,2016,"49,051,534"
Kenya,2015,"47,878,336"
Kenya,2010,"42,030,676"
Kenya,2005,"36,624,895"
Kenya,2000,"31,964,557"
Kenya,1995,"27,768,296"
Kenya,1990,"23,724,579"
Kenya,1985,"19,877,083"
Kenya,1980,"16,417,197"
Kenya,1975,"13,575,907"
Kenya,1970,"11,301,394"
Kenya,1965,"9,530,173"
Kenya,1960,"8,120,080"
Kenya,1955,"6,987,658"
South Korea,2020,"51,269,185"
South Korea,2019,"51,225,308"
South Korea,2018,"51,171,706"
South Korea,2017,"51,096,415"
South Korea,2016,"50,983,457"
South Korea,2015,"50,823,093"
South Korea,2010,"49,545,636"
South Korea,2005,"48,701,073"
South Korea,2000,"47,379,241"
South Korea,1995,"45,292,522"
South Korea,1990,"42,918,419"
South Korea,1985,"40,804,402"
South Korea,1980,"38,045,607"
South Korea,1975,"35,378,661"
South Korea,1970,"32,195,681"
South Korea,1965,"28,895,558"
South Korea,1960,"25,329,515"
South Korea,1955,"21,514,570"
Tanzania,2020,"59,734,218"
Tanzania,2019,"58,005,463"
Tanzania,2018,"56,313,438"
Tanzania,2017,"54,660,339"
Tanzania,2016,"53,049,230"
Tanzania,2015,"51,482,633"
Tanzania,2010,"44,346,525"
Tanzania,2005,"38,450,320"
Tanzania,2000,"33,499,180"
Tanzania,1995,"29,649,135"
Tanzania,1990,"25,203,845"
Tanzania,1985,"21,633,796"
Tanzania,1980,"18,538,259"
Tanzania,1975,"15,885,229"
Tanzania,1970,"13,535,481"
Tanzania,1965,"11,634,832"
Tanzania,1960,"10,052,152"
Tanzania,1955,"8,729,662"
China,2020,"1,439,323,776"
China,2019,"1,433,783,686"
China,2018,"1,427,647,786"
China,2017,"1,421,021,791"
China,2016,"1,414,049,351"
China,2015,"1,406,847,870"
China,2010,"1,368,810,615"
China,2005,"1,330,776,380"
China,2000,"1,290,550,765"
China,1995,"1,240,920,535"
China,1990,"1,176,883,674"
China,1985,"1,075,589,361"
China,1980,"1,000,089,235"
China,1975,"926,240,885"
China,1970,"827,601,394"
China,1965,"724,218,968"
China,1960,"660,408,056"
China,1955,"612,241,554"
Uganda,2020,"45,741,007"
Uganda,2019,"44,269,594"
Uganda,2018,"42,729,036"
Uganda,2017,"41,166,588"
Uganda,2016,"39,649,166"
Uganda,2015,"38,225,453"
Uganda,2010,"32,428,167"
Uganda,2005,"27,684,585"
Uganda,2000,"23,650,172"
Uganda,1995,"20,413,152"
Uganda,1990,"17,354,392"
Uganda,1985,"14,559,355"
Uganda,1980,"12,442,334"
Uganda,1975,"10,737,403"
Uganda,1970,"9,405,600"
Uganda,1965,"7,986,066"
Uganda,1960,"6,767,095"
Uganda,1955,"5,888,793"
Myanmar,2020,"54,409,800"
Myanmar,2019,"54,045,420"
Myanmar,2018,"53,708,320"
Myanmar,2017,"53,382,523"
Myanmar,2016,"53,045,201"
Myanmar,2015,"52,680,726"
Myanmar,2010,"50,600,818"
Myanmar,2005,"48,949,924"
Myanmar,2000,"46,719,701"
Myanmar,1995,"43,901,598"
Myanmar,1990,"41,335,199"
Myanmar,1985,"37,977,086"
Myanmar,1980,"34,224,313"
Myanmar,1975,"30,611,095"
Myanmar,1970,"27,269,069"
Myanmar,1965,"24,259,359"
Myanmar,1960,"21,736,942"
Myanmar,1955,"19,550,071"
Colombia,2020,"50,882,891"
Colombia,2019,"50,339,443"
Colombia,2018,"49,661,048"
Colombia,2017,"48,909,839"
Colombia,2016,"48,175,052"
Colombia,2015,"47,520,667"
Colombia,2010,"45,222,700"
Colombia,2005,"42,647,723"
Colombia,2000,"39,629,968"
Colombia,1995,"36,421,438"
Colombia,1990,"33,102,575"
Colombia,1985,"29,951,201"
Colombia,1980,"26,900,506"
Colombia,1975,"24,065,507"
Colombia,1970,"21,480,065"
Colombia,1965,"18,725,245"
Colombia,1960,"16,057,724"
Colombia,1955,"13,775,000"
Argentina,2020,"45,195,774"
Argentina,2019,"44,780,677"
Argentina,2018,"44,361,150"
Argentina,2017,"43,937,140"
Argentina,2016,"43,508,460"
Argentina,2015,"43,075,416"
Argentina,2010,"40,895,752"
Argentina,2005,"38,892,931"
Argentina,2000,"36,870,787"
Argentina,1995,"34,828,170"
Argentina,1990,"32,618,651"
Argentina,1985,"30,216,279"
Argentina,1980,"27,896,528"
Argentina,1975,"25,865,776"
Argentina,1970,"23,880,561"
Argentina,1965,"22,159,650"
Argentina,1960,"20,481,779"
Argentina,1955,"18,789,418"
Spain,2020,"46,754,778"
Spain,2019,"46,736,776"
Spain,2018,"46,692,858"
Spain,2017,"46,647,428"
Spain,2016,"46,634,140"
Spain,2015,"46,671,926"
Spain,2010,"46,931,015"
Spain,2005,"44,019,123"
Spain,2000,"40,824,754"
Spain,1995,"39,787,419"
Spain,1990,"39,202,525"
Spain,1985,"38,733,876"
Spain,1980,"37,698,196"
Spain,1975,"35,879,209"
Spain,1970,"33,883,749"
Spain,1965,"32,146,263"
Spain,1960,"30,402,411"
Spain,1955,"29,048,395"
France,2020,"65,273,511"
France,2019,"65,129,728"
France,2018,"64,990,511"
France,2017,"64,842,509"
France,2016,"64,667,596"
France,2015,"64,453,200"
France,2010,"62,879,530"
France,2005,"61,120,127"
France,2000,"59,015,096"
France,1995,"57,801,892"
France,1990,"56,666,849"
France,1985,"55,254,848"
France,1980,"53,868,009"
France,1975,"52,688,576"
France,1970,"50,763,920"
France,1965,"48,746,652"
France,1960,"45,673,146"
France,1955,"43,411,367"
Iran,2020,"83,992,949"
Iran,2019,"82,913,906"
Iran,2018,"81,800,188"
Iran,2017,"80,673,883"
Iran,2016,"79,563,989"
Iran,2015,"78,492,215"
Iran,2010,"73,762,519"
Iran,2005,"69,762,347"
Iran,2000,"65,623,405"
Iran,1995,"61,442,664"
Iran,1990,"56,366,217"
Iran,1985,"47,347,186"
Iran,1980,"38,650,246"
Iran,1975,"32,729,772"
Iran,1970,"28,513,866"
Iran,1965,"24,954,873"
Iran,1960,"21,906,914"
Iran,1955,"19,294,127"
South Africa,2020,"59,308,690"
South Africa,2019,"58,558,270"
South Africa,2018,"57,792,518"
South Africa,2017,"57,009,756"
South Africa,2016,"56,207,646"
South Africa,2015,"55,386,367"
South Africa,2010,"51,216,964"
South Africa,2005,"47,880,601"
Italy,2020,"60,461,826"
Italy,2019,"60,550,075"
Italy,2018,"60,627,291"
Italy,2017,"60,673,701"
Italy,2016,"60,663,060"
Italy,2015,"60,578,494"
Italy,2010,"59,325,229"
South Africa,2000,"44,967,708"
South Africa,1995,"41,435,758"
South Africa,1990,"36,800,509"
South Africa,1985,"32,678,874"
South Africa,1980,"28,556,769"
South Africa,1975,"25,195,187"
South Africa,1970,"22,069,776"
South Africa,1965,"19,384,841"
South Africa,1960,"17,099,840"
South Africa,1955,"15,206,502"
Italy,2005,"58,281,212"
Italy,2000,"56,692,178"
Italy,1995,"57,174,408"
Italy,1990,"57,048,236"
Italy,1985,"56,936,774"
Italy,1980,"56,349,349"
Italy,1975,"55,265,284"
Italy,1970,"53,518,969"
Italy,1965,"51,677,257"
Italy,1960,"49,699,951"
Italy,1955,"48,335,578"
Holy See,2019,799
Holy See,2018,801
Holy See,2017,793
Holy See,2016,801
Holy See,2015,803
Holy See,2010,794
Holy See,2005,798
Holy See,2000,785
Germany,2020,"83,783,942"
Germany,2019,"83,517,045"
Germany,2018,"83,124,418"
Germany,2017,"82,658,409"
Germany,2016,"82,193,768"
Germany,2015,"81,787,411"
Germany,2010,"80,827,002"
Germany,2005,"81,602,741"
Germany,2000,"81,400,882"
Germany,1995,"81,138,659"
Germany,1990,"79,053,984"
Germany,1985,"77,691,595"
Tokelau,2019,"1,340"
Tokelau,2018,"1,319"
Tokelau,2017,"1,300"
Tokelau,2016,"1,282"
Tokelau,2015,"1,252"
Tokelau,2010,"1,140"
Tokelau,2005,"1,208"
Tokelau,2000,"1,554"
Tokelau,1995,"1,517"
Tokelau,1990,"1,608"
Tokelau,1985,"1,709"
Tokelau,1980,"1,553"
Tokelau,1975,"1,572"
Tokelau,1970,"1,621"
Tokelau,1965,"1,922"
Holy See,1995,780
Holy See,1990,768
Holy See,1985,746
Holy See,1980,724
Holy See,1975,728
Holy See,1970,644
Holy See,1965,854
Holy See,1960,906
Holy See,1955,908
Germany,1980,"78,283,100"
Germany,1975,"78,856,039"
Germany,1970,"78,578,385"
Germany,1965,"76,258,032"
Germany,1960,"73,414,239"
Germany,1955,"71,537,459"
Tokelau,1960,"1,873"
Tokelau,1955,"1,607"
Falkland Islands,2019,"3,377"
Falkland Islands,2018,"3,234"
Falkland Islands,2017,"3,068"
Falkland Islands,2016,"2,928"
Falkland Islands,2015,"2,834"
Falkland Islands,2010,"2,901"
Falkland Islands,2005,"2,935"
Falkland Islands,2000,"2,892"
Falkland Islands,1995,"2,490"
Falkland Islands,1990,"1,982"
Falkland Islands,1985,"1,850"
Falkland Islands,1980,"1,854"
Falkland Islands,1975,"1,903"
Falkland Islands,1970,"1,992"
Falkland Islands,1965,"2,078"
Falkland Islands,1960,"2,150"
Falkland Islands,1955,"2,204"
Niue,2019,"1,615"
Niue,2018,"1,620"
Niue,2017,"1,609"
Niue,2016,"1,614"
Niue,2015,"1,619"
Niue,2010,"1,618"
Niue,2005,"1,683"
Niue,2000,"1,899"
Niue,1995,"2,165"
Niue,1990,"2,329"
Niue,1985,"2,719"
Niue,1980,"3,404"
Niue,1975,"3,976"
Niue,1970,"5,135"
Niue,1965,"5,098"
Niue,1960,"4,826"
Niue,1955,"4,694"
Montserrat,2019,"4,989"
Montserrat,2018,"4,993"
Montserrat,2017,"4,984"
Montserrat,2016,"4,981"
Montserrat,2015,"4,967"
Montserrat,2010,"4,899"
Montserrat,2005,"4,835"
Montserrat,2000,"4,929"
Montserrat,1995,"9,848"
Montserrat,1990,"10,615"
Montserrat,1985,"10,792"
Montserrat,1980,"11,607"
Montserrat,1975,"11,580"
Montserrat,1970,"11,534"
Montserrat,1965,"11,726"
Montserrat,1960,"11,957"
Montserrat,1955,"14,233"
Saint Pierre & Miquelon,2019,"5,822"
Saint Pierre & Miquelon,2018,"5,849"
Saint Pierre & Miquelon,2017,"5,887"
Saint Pierre & Miquelon,2016,"5,934"
Saint Pierre & Miquelon,2015,"5,993"
Saint Pierre & Miquelon,2010,"6,353"
Saint Pierre & Miquelon,2005,"6,123"
Saint Pierre & Miquelon,2000,"6,294"
Saint Pierre & Miquelon,1995,"6,392"
Saint Pierre & Miquelon,1990,"6,393"
Saint Pierre & Miquelon,1985,"6,024"
Saint Pierre & Miquelon,1980,"6,131"
Saint Pierre & Miquelon,1975,"6,006"
Saint Pierre & Miquelon,1970,"5,552"
Saint Pierre & Miquelon,1965,"5,173"
Saint Pierre & Miquelon,1960,"4,971"
Saint Pierre & Miquelon,1955,"4,755"
Thailand,2020,"69,799,978"
Thailand,2019,"69,625,582"
Thailand,2018,"69,428,453"
Thailand,2017,"69,209,810"
Thailand,2016,"68,971,308"
Thailand,2015,"68,714,511"
Thailand,2010,"67,195,028"
Thailand,2005,"65,416,189"
Thailand,2000,"62,952,642"
Thailand,1995,"59,467,274"
Thailand,1990,"56,558,186"
Thailand,1985,"52,026,901"
Thailand,1980,"47,374,472"
Thailand,1975,"42,326,312"
Thailand,1970,"36,884,536"
Thailand,1965,"31,822,660"
Thailand,1960,"27,397,207"
Thailand,1955,"23,711,132"
United Kingdom,2020,"67,886,011"
United Kingdom,2019,"67,530,172"
United Kingdom,2018,"67,141,684"
United Kingdom,2017,"66,727,461"
United Kingdom,2016,"66,297,944"
United Kingdom,2015,"65,860,146"
United Kingdom,2010,"63,459,808"
United Kingdom,2005,"60,287,954"
United Kingdom,2000,"58,923,309"
United Kingdom,1995,"57,932,453"
United Kingdom,1990,"57,134,391"
United Kingdom,1985,"56,413,553"
United Kingdom,1980,"56,209,171"
United Kingdom,1975,"56,152,333"
United Kingdom,1970,"55,573,453"
United Kingdom,1965,"54,240,850"
United Kingdom,1960,"52,370,602"
United Kingdom,1955,"51,063,902"
Wallis & Futuna,2019,"11,432"
Wallis & Futuna,2018,"11,661"
Wallis & Futuna,2017,"11,900"
Wallis & Futuna,2016,"12,107"
Wallis & Futuna,2015,"12,266"
Wallis & Futuna,2010,"12,689"
Wallis & Futuna,2005,"14,939"
Wallis & Futuna,2000,"14,694"
Wallis & Futuna,1995,"14,149"
Wallis & Futuna,1990,"13,800"
Wallis & Futuna,1985,"13,622"
Wallis & Futuna,1980,"11,231"
Wallis & Futuna,1975,"9,320"
Wallis & Futuna,1970,"8,853"
Wallis & Futuna,1965,"8,724"
Wallis & Futuna,1960,"8,157"
Wallis & Futuna,1955,"7,669"
Nauru,2019,"10,756"
Nauru,2018,"10,670"
Nauru,2017,"10,573"
Nauru,2016,"10,475"
Nauru,2015,"10,383"
Nauru,2010,"10,005"
Nauru,2005,"9,849"
Nauru,2000,"10,337"
Nauru,1995,"10,628"
Nauru,1990,"9,505"
Nauru,1985,"8,501"
Nauru,1980,"7,741"
Nauru,1975,"7,175"
Cook Islands,2019,"17,548"
Cook Islands,2018,"17,518"
Cook Islands,2017,"17,507"
Cook Islands,2016,"17,524"
Cook Islands,2015,"17,586"
Cook Islands,2010,"18,391"
Cook Islands,2005,"19,074"
Cook Islands,2000,"17,930"
Cook Islands,1995,"19,097"
Cook Islands,1990,"18,191"
Cook Islands,1985,"17,603"
Cook Islands,1980,"17,512"
Cook Islands,1975,"20,234"
Cook Islands,1970,"21,302"
Cook Islands,1965,"18,894"
Cook Islands,1960,"18,212"
Cook Islands,1955,"16,347"
Nauru,1970,"6,552"
Nauru,1965,"5,856"
Nauru,1960,"4,375"
Nauru,1955,"3,819"
Palau,2019,"18,008"
Palau,2018,"17,907"
Palau,2017,"17,808"
Palau,2016,"17,725"
Palau,2015,"17,665"
Palau,2010,"17,955"
Palau,2005,"19,781"
Palau,2000,"19,105"
Palau,1995,"17,164"
Palau,1990,"15,058"
Palau,1985,"13,528"
Palau,1980,"12,179"
Palau,1975,"12,904"
Palau,1970,"11,811"
Palau,1965,"11,003"
Palau,1960,"9,771"
Palau,1955,"8,322"
Saint Helena,2019,"6,059"
Saint Helena,2018,"6,035"
Saint Helena,2017,"6,008"
Saint Helena,2016,"5,956"
Saint Helena,2015,"5,865"
Saint Helena,2010,"5,183"
Saint Helena,2005,"5,364"
Saint Helena,2000,"6,049"
Saint Helena,1995,"6,247"
Saint Helena,1990,"6,647"
Saint Helena,1985,"6,817"
Saint Helena,1980,"6,582"
Saint Helena,1975,"6,235"
Saint Helena,1970,"5,692"
Saint Helena,1965,"5,328"
Saint Helena,1960,"5,364"
Saint Helena,1955,"5,345"
Saint Barthelemy,2019,"9,847"
Saint Barthelemy,2018,"9,816"
Saint Barthelemy,2017,"9,784"
Saint Barthelemy,2016,"9,748"
Saint Barthelemy,2015,"9,693"
Saint Barthelemy,2010,"9,234"
Saint Barthelemy,2005,"8,553"
Saint Barthelemy,2000,"7,427"
Saint Barthelemy,1995,"6,367"
Saint Barthelemy,1990,"5,339"
Saint Barthelemy,1985,"3,368"
Saint Barthelemy,1980,"3,082"
Saint Barthelemy,1975,"2,610"
Saint Barthelemy,1970,"2,343"
Saint Barthelemy,1965,"2,382"
Saint Barthelemy,1960,"2,304"
Saint Barthelemy,1955,"2,245"
British Virgin Islands,2019,"30,030"
British Virgin Islands,2018,"29,802"
British Virgin Islands,2017,"29,577"
British Virgin Islands,2016,"29,355"
British Virgin Islands,2015,"29,152"
British Virgin Islands,2010,"27,794"
British Virgin Islands,2005,"23,107"
British Virgin Islands,2000,"20,311"
British Virgin Islands,1995,"19,313"
British Virgin Islands,1990,"17,489"
British Virgin Islands,1985,"13,956"
British Virgin Islands,1980,"11,478"
British Virgin Islands,1975,"10,699"
British Virgin Islands,1970,"9,827"
British Virgin Islands,1965,"8,830"
British Virgin Islands,1960,"8,048"
British Virgin Islands,1955,"7,679"
Caribbean Netherlands,2019,"25,979"
Caribbean Netherlands,2018,"25,711"
Caribbean Netherlands,2017,"25,401"
Caribbean Netherlands,2016,"25,020"
Caribbean Netherlands,2015,"24,570"
Caribbean Netherlands,2010,"20,940"
Caribbean Netherlands,2005,"14,403"
Caribbean Netherlands,2000,"14,393"
Caribbean Netherlands,1995,"15,107"
Caribbean Netherlands,1990,"13,019"
Caribbean Netherlands,1985,"12,025"
Caribbean Netherlands,1980,"11,210"
Caribbean Netherlands,1975,"11,027"
Caribbean Netherlands,1970,"10,359"
Caribbean Netherlands,1965,"9,134"
Caribbean Netherlands,1960,"8,074"
Caribbean Netherlands,1955,"7,670"
Gibraltar,2019,"33,701"
Gibraltar,2018,"33,718"
Gibraltar,2017,"33,728"
Gibraltar,2016,"33,737"
Gibraltar,2015,"33,736"
Gibraltar,2010,"33,585"
Gibraltar,2005,"33,219"
Gibraltar,2000,"31,077"
Gibraltar,1995,"28,692"
Gibraltar,1990,"29,147"
Gibraltar,1985,"29,154"
Gibraltar,1980,"30,065"
Gibraltar,1975,"30,067"
Gibraltar,1970,"28,606"
Gibraltar,1965,"26,073"
Gibraltar,1960,"23,420"
Gibraltar,1955,"22,788"
Liechtenstein,2019,"38,019"
Liechtenstein,2018,"37,910"
Liechtenstein,2017,"37,800"
Liechtenstein,2016,"37,658"
Liechtenstein,2015,"37,470"
Liechtenstein,2010,"35,994"
Liechtenstein,2005,"34,713"
Liechtenstein,2000,"33,184"
Liechtenstein,1995,"30,880"
Liechtenstein,1990,"28,789"
Liechtenstein,1985,"27,288"
Liechtenstein,1980,"25,879"
Liechtenstein,1975,"23,438"
Liechtenstein,1970,"21,266"
Liechtenstein,1965,"18,649"
Liechtenstein,1960,"16,493"
Liechtenstein,1955,"14,830"
Saint Martin,2019,"38,002"
Saint Martin,2018,"37,264"
Saint Martin,2017,"36,560"
Saint Martin,2016,"36,065"
Saint Martin,2015,"35,858"
Saint Martin,2010,"37,582"
Saint Martin,2005,"34,248"
Saint Martin,2000,"28,935"
Saint Martin,1995,"27,321"
Saint Martin,1990,"31,520"
Saint Martin,1985,"11,061"
Saint Martin,1980,"8,771"
Saint Martin,1975,"6,881"
Saint Martin,1970,"5,712"
Saint Martin,1965,"4,468"
Saint Martin,1960,"3,893"
Saint Martin,1955,"3,408"
Turks and Caicos,2019,"38,191"
Turks and Caicos,2018,"37,665"
Turks and Caicos,2017,"37,115"
Turks and Caicos,2016,"36,559"
Turks and Caicos,2015,"35,981"
Turks and Caicos,2010,"32,660"
Turks and Caicos,2005,"28,180"
Turks and Caicos,2000,"20,164"
Turks and Caicos,1995,"16,216"
Turks and Caicos,1990,"12,111"
Turks and Caicos,1985,"9,970"
Turks and Caicos,1980,"7,888"
Turks and Caicos,1975,"6,827"
Turks and Caicos,1970,"5,841"
Turks and Caicos,1965,"5,823"
Turks and Caicos,1960,"5,824"
Turks and Caicos,1955,"5,238"
Tuvalu,2019,"11,646"
Tuvalu,2018,"11,508"
Tuvalu,2017,"11,370"
Tuvalu,2016,"11,225"
Tuvalu,2015,"11,099"
Tuvalu,2010,"10,530"
Tuvalu,2005,"10,000"
Tuvalu,2000,"9,394"
Tuvalu,1995,"9,298"
Tuvalu,1990,"8,913"
Tuvalu,1985,"8,219"
Tuvalu,1980,"7,637"
Tuvalu,1975,"6,060"
Tuvalu,1970,"5,735"
Tuvalu,1965,"5,386"
Tuvalu,1960,"5,323"
Tuvalu,1955,"5,069"
Sint Maarten,2019,"42,388"
Sint Maarten,2018,"41,940"
Sint Maarten,2017,"41,444"
Sint Maarten,2016,"40,808"
Sint Maarten,2015,"39,968"
Sint Maarten,2010,"34,168"
Sint Maarten,2005,"33,434"
Sint Maarten,2000,"32,564"
Sint Maarten,1995,"31,160"
Sint Maarten,1990,"28,812"
Sint Maarten,1985,"19,123"
Sint Maarten,1980,"13,100"
Sint Maarten,1975,"9,557"
Sint Maarten,1970,"6,864"
Sint Maarten,1965,"4,459"
Sint Maarten,1960,"2,833"
Sint Maarten,1955,"2,108"
Monaco,2019,"38,964"
Monaco,2018,"38,682"
Monaco,2017,"38,392"
Monaco,2016,"38,070"
Monaco,2015,"37,718"
Monaco,2010,"35,612"
Monaco,2005,"33,843"
Monaco,2000,"32,147"
Monaco,1995,"30,716"
Monaco,1990,"29,438"
Monaco,1985,"28,832"
Monaco,1980,"26,745"
Monaco,1975,"25,198"
Monaco,1970,"23,484"
Monaco,1965,"23,282"
Monaco,1960,"22,452"
Monaco,1955,"19,655"
Anguilla,2019,"14,869"
Anguilla,2018,"14,731"
Anguilla,2017,"14,584"
Anguilla,2016,"14,429"
Anguilla,2015,"14,279"
Anguilla,2010,"13,438"
Anguilla,2005,"12,453"
Anguilla,2000,"11,252"
Anguilla,1995,"9,866"
Anguilla,1990,"8,899"
Anguilla,1985,"7,293"
Anguilla,1980,"7,285"
Anguilla,1975,"7,159"
Anguilla,1970,"6,771"
Anguilla,1965,"6,361"
Anguilla,1960,"6,032"
Anguilla,1955,"5,783"
Faeroe Islands,2019,"48,678"
Faeroe Islands,2018,"48,497"
Faeroe Islands,2017,"48,331"
Faeroe Islands,2016,"48,173"
Faeroe Islands,2015,"48,051"
Faeroe Islands,2010,"47,814"
Faeroe Islands,2005,"47,722"
Faeroe Islands,2000,"46,735"
Faeroe Islands,1995,"45,625"
Faeroe Islands,1990,"47,274"
Faeroe Islands,1985,"45,330"
Faeroe Islands,1980,"43,337"
Faeroe Islands,1975,"41,299"
Faeroe Islands,1970,"39,009"
Faeroe Islands,1965,"36,847"
Faeroe Islands,1960,"34,615"
Faeroe Islands,1955,"32,481"
Saint Kitts & Nevis,2019,"52,823"
Saint Kitts & Nevis,2018,"52,441"
Saint Kitts & Nevis,2017,"52,045"
Saint Kitts & Nevis,2016,"51,625"
Saint Kitts & Nevis,2015,"51,203"
Saint Kitts & Nevis,2010,"49,016"
Saint Kitts & Nevis,2005,"46,857"
Saint Kitts & Nevis,2000,"44,074"
Saint Kitts & Nevis,1995,"42,074"
Saint Kitts & Nevis,1990,"40,259"
Saint Kitts & Nevis,1985,"41,866"
Saint Kitts & Nevis,1980,"43,205"
Saint Kitts & Nevis,1975,"44,272"
Saint Kitts & Nevis,1970,"44,883"
Saint Kitts & Nevis,1965,"49,214"
Saint Kitts & Nevis,1960,"51,195"
Saint Kitts & Nevis,1955,"48,492"
American Samoa,2019,"55,312"
American Samoa,2018,"55,465"
American Samoa,2017,"55,620"
American Samoa,2016,"55,741"
American Samoa,2015,"55,812"
American Samoa,2010,"56,079"
American Samoa,2005,"59,562"
American Samoa,2000,"57,821"
American Samoa,1995,"53,161"
American Samoa,1990,"47,347"
American Samoa,1985,"39,519"
American Samoa,1980,"32,646"
American Samoa,1975,"30,052"
American Samoa,1970,"27,363"
American Samoa,1965,"23,672"
American Samoa,1960,"20,123"
American Samoa,1955,"19,754"
Marshall Islands,2019,"58,791"
Marshall Islands,2018,"58,413"
Marshall Islands,2017,"58,058"
Marshall Islands,2016,"57,735"
Marshall Islands,2015,"57,439"
Marshall Islands,2010,"56,366"
Marshall Islands,2005,"55,258"
Marshall Islands,2000,"50,753"
Marshall Islands,1995,"50,457"
Marshall Islands,1990,"47,271"
Marshall Islands,1985,"38,333"
Marshall Islands,1980,"30,576"
Marshall Islands,1975,"25,576"
Marshall Islands,1970,"20,395"
Marshall Islands,1965,"17,284"
Marshall Islands,1960,"14,662"
Marshall Islands,1955,"13,894"
San Marino,2019,"33,860"
San Marino,2018,"33,785"
San Marino,2017,"33,671"
San Marino,2016,"33,504"
San Marino,2015,"33,272"
San Marino,2010,"31,229"
San Marino,2005,"29,324"
San Marino,2000,"27,462"
San Marino,1995,"25,928"
San Marino,1990,"24,125"
San Marino,1985,"22,798"
San Marino,1980,"21,459"
San Marino,1975,"19,831"
San Marino,1970,"19,221"
San Marino,1965,"17,513"
San Marino,1960,"15,432"
San Marino,1955,"13,789"
Cayman Islands,2019,"64,948"
Cayman Islands,2018,"64,174"
Cayman Islands,2017,"63,382"
Cayman Islands,2016,"62,569"
Cayman Islands,2015,"61,724"
Cayman Islands,2010,"56,672"
Cayman Islands,2005,"49,261"
Cayman Islands,2000,"42,303"
Cayman Islands,1995,"32,166"
Cayman Islands,1990,"25,312"
Cayman Islands,1985,"19,467"
Cayman Islands,1980,"16,212"
Cayman Islands,1975,"12,244"
Cayman Islands,1970,"9,144"
Cayman Islands,1965,"8,369"
Cayman Islands,1960,"7,865"
Cayman Islands,1955,"6,677"
Dominica,2019,"71,808"
Dominica,2018,"71,625"
Dominica,2017,"71,458"
Dominica,2016,"71,307"
Dominica,2015,"71,183"
Dominica,2010,"70,878"
Dominica,2005,"70,589"
Dominica,2000,"69,650"
Dominica,1995,"71,098"
Dominica,1990,"70,419"
Dominica,1985,"73,201"
Dominica,1980,"75,314"
Dominica,1975,"72,094"
Dominica,1970,"71,073"
Dominica,1965,"65,038"
Dominica,1960,"60,011"
Dominica,1955,"54,560"
Andorra,2019,"77,142"
Andorra,2018,"77,006"
Andorra,2017,"77,001"
Andorra,2016,"77,297"
Andorra,2015,"78,011"
Andorra,2010,"84,449"
Andorra,2005,"78,867"
Andorra,2000,"65,390"
Andorra,1995,"63,850"
Andorra,1990,"54,509"
Andorra,1985,"44,600"
Andorra,1980,"36,067"
Andorra,1975,"30,705"
Andorra,1970,"24,276"
Andorra,1965,"18,549"
Andorra,1960,"13,411"
Andorra,1955,"9,232"
Isle of Man,2019,"84,584"
Isle of Man,2018,"84,077"
Isle of Man,2017,"83,598"
Isle of Man,2016,"83,287"
Isle of Man,2015,"83,234"
Isle of Man,2010,"84,857"
Isle of Man,2005,"80,305"
Isle of Man,2000,"76,941"
Isle of Man,1995,"72,131"
Isle of Man,1990,"70,298"
Isle of Man,1985,"64,278"
Isle of Man,1980,"63,551"
Isle of Man,1975,"59,478"
Isle of Man,1970,"55,425"
Isle of Man,1965,"50,141"
Isle of Man,1960,"48,442"
Isle of Man,1955,"52,408"
Antigua and Barbuda,2020,"97,929"
Antigua and Barbuda,2019,"97,118"
Antigua and Barbuda,2018,"96,286"
Antigua and Barbuda,2017,"95,426"
Antigua and Barbuda,2016,"94,527"
Antigua and Barbuda,2015,"93,566"
Antigua and Barbuda,2010,"88,028"
Antigua and Barbuda,2005,"81,465"
Antigua and Barbuda,2000,"76,016"
Antigua and Barbuda,1995,"68,670"
Antigua and Barbuda,1990,"62,528"
Antigua and Barbuda,1985,"61,786"
Antigua and Barbuda,1980,"61,865"
Antigua and Barbuda,1975,"62,675"
Antigua and Barbuda,1970,"64,177"
Antigua and Barbuda,1965,"58,698"
Antigua and Barbuda,1960,"54,131"
Antigua and Barbuda,1955,"49,648"
Seychelles,2020,"98,347"
Seychelles,2019,"97,739"
Seychelles,2018,"97,096"
Seychelles,2017,"96,418"
Seychelles,2016,"95,710"
Seychelles,2015,"94,978"
Seychelles,2010,"91,264"
Seychelles,2005,"88,648"
Seychelles,2000,"80,996"
Seychelles,1995,"76,649"
Seychelles,1990,"70,570"
Seychelles,1985,"69,775"
Seychelles,1980,"66,244"
Seychelles,1975,"59,585"
Seychelles,1970,"52,368"
Seychelles,1965,"46,782"
Seychelles,1960,"41,603"
Seychelles,1955,"38,955"
U.S. Virgin Islands,2020,"104,425"
U.S. Virgin Islands,2019,"104,578"
U.S. Virgin Islands,2018,"104,680"
U.S. Virgin Islands,2017,"104,751"
U.S. Virgin Islands,2016,"104,835"
U.S. Virgin Islands,2015,"104,958"
U.S. Virgin Islands,2010,"106,087"
U.S. Virgin Islands,2005,"107,794"
U.S. Virgin Islands,2000,"108,722"
U.S. Virgin Islands,1995,"107,392"
U.S. Virgin Islands,1990,"103,756"
U.S. Virgin Islands,1985,"105,280"
U.S. Virgin Islands,1980,"99,080"
U.S. Virgin Islands,1975,"86,470"
U.S. Virgin Islands,1970,"64,726"
Tonga,2020,"105,695"
Tonga,2019,"104,494"
Tonga,2018,"103,197"
Tonga,2017,"101,998"
Tonga,2016,"101,133"
Tonga,2015,"100,781"
Tonga,2010,"103,986"
Tonga,2005,"100,905"
Aruba,2020,"106,766"
Aruba,2019,"106,314"
Aruba,2018,"105,845"
Aruba,2017,"105,366"
Aruba,2016,"104,872"
Aruba,2015,"104,341"
Aruba,2010,"101,669"
Aruba,2005,"100,031"
Aruba,2000,"90,853"
Aruba,1995,"80,324"
Aruba,1990,"62,149"
Aruba,1985,"63,026"
Aruba,1980,"60,096"
Aruba,1975,"60,657"
U.S. Virgin Islands,1965,"50,233"
U.S. Virgin Islands,1960,"33,135"
U.S. Virgin Islands,1955,"29,682"
Tonga,2000,"97,973"
Tonga,1995,"95,976"
Tonga,1990,"95,069"
Tonga,1985,"93,896"
Tonga,1980,"92,971"
Tonga,1975,"88,318"
Tonga,1970,"84,351"
Tonga,1965,"74,345"
Tonga,1960,"61,577"
Tonga,1955,"55,322"
Aruba,1970,"59,063"
Aruba,1965,"57,360"
Aruba,1960,"54,211"
Aruba,1955,"43,724"
St. Vincent & Grenadines,2020,"110,940"
St. Vincent & Grenadines,2019,"110,589"
St. Vincent & Grenadines,2018,"110,211"
St. Vincent & Grenadines,2017,"109,827"
St. Vincent & Grenadines,2016,"109,459"
St. Vincent & Grenadines,2015,"109,148"
St. Vincent & Grenadines,2010,"108,255"
St. Vincent & Grenadines,2005,"108,614"
St. Vincent & Grenadines,2000,"107,784"
St. Vincent & Grenadines,1995,"108,035"
St. Vincent & Grenadines,1990,"107,484"
St. Vincent & Grenadines,1985,"104,506"
St. Vincent & Grenadines,1980,"100,566"
St. Vincent & Grenadines,1975,"95,662"
St. Vincent & Grenadines,1970,"90,509"
St. Vincent & Grenadines,1965,"86,011"
St. Vincent & Grenadines,1960,"80,977"
St. Vincent & Grenadines,1955,"73,554"
Greenland,2019,"56,672"
Greenland,2018,"56,564"
Greenland,2017,"56,481"
Greenland,2016,"56,412"
Greenland,2015,"56,377"
Greenland,2010,"56,638"
Greenland,2005,"56,951"
Greenland,2000,"56,175"
Greenland,1995,"55,811"
Greenland,1990,"55,604"
Greenland,1985,"53,190"
Northern Mariana Islands,2019,"57,216"
Northern Mariana Islands,2018,"56,882"
Northern Mariana Islands,2017,"56,562"
Northern Mariana Islands,2016,"56,188"
Northern Mariana Islands,2015,"55,780"
Northern Mariana Islands,2010,"53,971"
Northern Mariana Islands,2005,"56,542"
Northern Mariana Islands,2000,"57,453"
Northern Mariana Islands,1995,"45,870"
Northern Mariana Islands,1990,"45,752"
Northern Mariana Islands,1985,"28,720"
Northern Mariana Islands,1980,"16,633"
Greenland,1980,"50,179"
Greenland,1975,"49,586"
Greenland,1970,"46,074"
Greenland,1965,"37,964"
Greenland,1960,"31,239"
Greenland,1955,"25,846"
Northern Mariana Islands,1975,"14,924"
Northern Mariana Islands,1970,"12,994"
Northern Mariana Islands,1965,"11,022"
Northern Mariana Islands,1960,"9,979"
Northern Mariana Islands,1955,"7,985"
Bermuda,2019,"62,506"
Bermuda,2018,"62,756"
Bermuda,2017,"63,049"
Bermuda,2016,"63,362"
Bermuda,2015,"63,692"
Bermuda,2010,"65,389"
Bermuda,2005,"66,257"
Bermuda,2000,"65,012"
Bermuda,1995,"63,442"
Bermuda,1990,"61,634"
Bermuda,1985,"59,602"
Bermuda,1980,"57,573"
Bermuda,1975,"55,400"
Bermuda,1970,"52,565"
Bermuda,1965,"49,388"
Bermuda,1960,"44,979"
Bermuda,1955,"40,708"
Grenada,2020,"112,523"
Grenada,2019,"112,003"
Grenada,2018,"111,454"
Grenada,2017,"110,874"
Grenada,2016,"110,261"
Grenada,2015,"109,599"
Grenada,2010,"106,233"
Grenada,2005,"104,661"
Grenada,2000,"102,833"
Grenada,1995,"100,288"
Grenada,1990,"96,331"
Grenada,1985,"99,946"
Grenada,1980,"89,032"
Grenada,1975,"92,494"
Grenada,1970,"94,475"
Grenada,1965,"94,636"
Grenada,1960,"89,932"
Grenada,1955,"81,103"
Micronesia,2019,"113,815"
Micronesia,2018,"112,640"
Micronesia,2017,"111,459"
Micronesia,2016,"110,215"
Micronesia,2015,"108,895"
Micronesia,2010,"102,911"
Micronesia,2005,"106,129"
Micronesia,2000,"107,402"
Micronesia,1995,"107,529"
Micronesia,1990,"96,301"
Micronesia,1985,"85,640"
Micronesia,1980,"72,930"
Micronesia,1975,"63,128"
Micronesia,1970,"61,417"
Micronesia,1965,"52,227"
Micronesia,1960,"44,514"
Micronesia,1955,"37,873"
Curaçao,2020,"164,093"
Curaçao,2019,"163,424"
Curaçao,2018,"162,752"
Curaçao,2017,"161,997"
Curaçao,2016,"161,052"
Curaçao,2015,"159,847"
Curaçao,2010,"149,192"
Curaçao,2005,"130,130"
Curaçao,2000,"132,140"
Curaçao,1995,"143,882"
Curaçao,1990,"146,670"
Curaçao,1985,"150,377"
Curaçao,1980,"147,996"
Curaçao,1975,"150,258"
Curaçao,1970,"143,634"
Curaçao,1965,"133,878"
Curaçao,1960,"126,941"
Curaçao,1955,"116,916"
Kiribati,2020,"119,449"
Kiribati,2019,"117,606"
Kiribati,2018,"115,847"
Kiribati,2017,"114,158"
Kiribati,2016,"112,524"
Kiribati,2015,"110,930"
Kiribati,2010,"102,927"
Kiribati,2005,"92,325"
Kiribati,2000,"84,396"
Kiribati,1995,"77,723"
Kiribati,1990,"72,400"
Kiribati,1985,"63,986"
Kiribati,1980,"59,301"
Kiribati,1975,"55,114"
Kiribati,1970,"51,151"
Kiribati,1965,"46,429"
Kiribati,1960,"41,202"
Kiribati,1955,"36,573"
Channel Islands,2020,"173,863"
Channel Islands,2019,"172,259"
Channel Islands,2018,"170,499"
Channel Islands,2017,"168,665"
Channel Islands,2016,"166,923"
Channel Islands,2015,"165,385"
Channel Islands,2010,"159,734"
Channel Islands,2005,"151,678"
Channel Islands,2000,"148,443"
Channel Islands,1995,"143,484"
Channel Islands,1990,"140,671"
Channel Islands,1985,"133,808"
Channel Islands,1980,"128,212"
Channel Islands,1975,"126,415"
Channel Islands,1970,"121,197"
Channel Islands,1965,"114,995"
Channel Islands,1960,"109,420"
Channel Islands,1955,"105,609"
Guam,2020,"168,775"
Guam,2019,"167,294"
Guam,2018,"165,768"
Guam,2017,"164,281"
Guam,2016,"162,951"
Guam,2015,"161,853"
Guam,2010,"159,444"
Guam,2005,"158,402"
Guam,2000,"155,329"
Guam,1995,"145,561"
Guam,1990,"130,482"
Guam,1985,"116,572"
Guam,1980,"104,133"
Guam,1975,"93,352"
Guam,1970,"83,877"
Guam,1965,"74,830"
Guam,1960,"66,742"
Guam,1955,"62,641"
Sao Tome & Principe,2020,"219,159"
Sao Tome & Principe,2019,"215,056"
Sao Tome & Principe,2018,"211,028"
Sao Tome & Principe,2017,"207,089"
Sao Tome & Principe,2016,"203,227"
Sao Tome & Principe,2015,"199,432"
Sao Tome & Principe,2010,"180,371"
Sao Tome & Principe,2005,"157,472"
Sao Tome & Principe,2000,"142,262"
Sao Tome & Principe,1995,"131,678"
Sao Tome & Principe,1990,"119,209"
Sao Tome & Principe,1985,"104,924"
Sao Tome & Principe,1980,"95,794"
Sao Tome & Principe,1975,"83,138"
Sao Tome & Principe,1970,"74,564"
Sao Tome & Principe,1965,"64,892"
Sao Tome & Principe,1960,"64,302"
Sao Tome & Principe,1955,"58,806"
Samoa,2020,"198,414"
Samoa,2019,"197,097"
Samoa,2018,"196,129"
Samoa,2017,"195,352"
Samoa,2016,"194,535"
Samoa,2015,"193,513"
Samoa,2010,"185,949"
Samoa,2005,"179,727"
Samoa,2000,"174,454"
Samoa,1995,"170,054"
Samoa,1990,"162,803"
Samoa,1985,"159,990"
Samoa,1980,"155,525"
Samoa,1975,"151,359"
Samoa,1970,"143,149"
Samoa,1965,"127,054"
Samoa,1960,"108,629"
Samoa,1955,"94,178"
Mayotte,2020,"272,815"
Mayotte,2019,"266,150"
Mayotte,2018,"259,531"
Mayotte,2017,"252,957"
Mayotte,2016,"246,450"
Mayotte,2015,"240,020"
Mayotte,2010,"208,718"
Mayotte,2005,"178,098"
Mayotte,2000,"150,331"
Mayotte,1995,"123,181"
Mayotte,1990,"94,784"
Mayotte,1985,"72,104"
Mayotte,1980,"55,137"
Mayotte,1975,"45,483"
Mayotte,1970,"36,969"
Mayotte,1965,"30,526"
Mayotte,1960,"24,015"
Mayotte,1955,"18,985"
French Polynesia,2020,"280,908"
French Polynesia,2019,"279,287"
French Polynesia,2018,"277,679"
French Polynesia,2017,"276,102"
French Polynesia,2016,"274,575"
French Polynesia,2015,"273,124"
French Polynesia,2010,"266,455"
French Polynesia,2005,"258,780"
French Polynesia,2000,"240,686"
French Polynesia,1995,"218,071"
French Polynesia,1990,"199,905"
French Polynesia,1985,"177,027"
French Polynesia,1980,"153,301"
French Polynesia,1975,"131,233"
French Polynesia,1970,"110,495"
French Polynesia,1965,"93,438"
French Polynesia,1960,"78,076"
French Polynesia,1955,"68,854"
New Caledonia,2020,"285,498"
New Caledonia,2019,"282,750"
New Caledonia,2018,"279,993"
New Caledonia,2017,"277,150"
New Caledonia,2016,"274,191"
New Caledonia,2015,"271,065"
New Caledonia,2010,"253,527"
New Caledonia,2005,"236,442"
New Caledonia,2000,"217,269"
New Caledonia,1995,"193,293"
New Caledonia,1990,"170,336"
New Caledonia,1985,"155,982"
New Caledonia,1980,"145,144"
New Caledonia,1975,"130,264"
New Caledonia,1970,"105,324"
New Caledonia,1965,"91,200"
New Caledonia,1960,"78,056"
New Caledonia,1955,"67,748"
French Guiana,2020,"298,682"
French Guiana,2019,"290,832"
French Guiana,2018,"282,938"
French Guiana,2017,"275,191"
French Guiana,2016,"267,821"
French Guiana,2015,"260,999"
French Guiana,2010,"233,002"
French Guiana,2005,"202,971"
French Guiana,2000,"163,165"
French Guiana,1995,"137,400"
French Guiana,1990,"115,784"
French Guiana,1985,"86,439"
French Guiana,1980,"66,977"
French Guiana,1975,"56,223"
French Guiana,1970,"47,930"
French Guiana,1965,"38,892"
French Guiana,1960,"32,032"
French Guiana,1955,"28,490"
Barbados,2020,"287,375"
Barbados,2019,"287,025"
Barbados,2018,"286,641"
Barbados,2017,"286,232"
Barbados,2016,"285,796"
Barbados,2015,"285,324"
Barbados,2010,"282,131"
Barbados,2005,"276,323"
Barbados,2000,"271,515"
Barbados,1995,"265,955"
Barbados,1990,"260,936"
Barbados,1985,"256,263"
Barbados,1980,"252,394"
Barbados,1975,"246,154"
Barbados,1970,"238,896"
Barbados,1965,"235,413"
Barbados,1960,"230,980"
Barbados,1955,"227,138"
Vanuatu,2020,"307,145"
Vanuatu,2019,"299,882"
Vanuatu,2018,"292,680"
Vanuatu,2017,"285,510"
Vanuatu,2016,"278,330"
Vanuatu,2015,"271,130"
Vanuatu,2010,"236,211"
Vanuatu,2005,"209,282"
Vanuatu,2000,"184,972"
Vanuatu,1995,"168,158"
Vanuatu,1990,"146,573"
Vanuatu,1985,"129,984"
Vanuatu,1980,"115,597"
Vanuatu,1975,"99,859"
Vanuatu,1970,"85,377"
Vanuatu,1965,"74,270"
Vanuatu,1960,"63,689"
Vanuatu,1955,"54,921"
Martinique,2020,"375,265"
Martinique,2019,"375,554"
Martinique,2018,"375,673"
Martinique,2017,"375,948"
Martinique,2016,"376,791"
Martinique,2015,"378,478"
Martinique,2010,"394,663"
Martinique,2005,"397,190"
Martinique,2000,"387,004"
Martinique,1995,"368,732"
Martinique,1990,"358,449"
Martinique,1985,"339,876"
Martinique,1980,"325,454"
Martinique,1975,"327,838"
Martinique,1970,"325,011"
Martinique,1965,"311,127"
Martinique,1960,"281,622"
Martinique,1955,"245,675"
Iceland,2020,"341,243"
Iceland,2019,"339,031"
Iceland,2018,"336,713"
Iceland,2017,"334,393"
Iceland,2016,"332,206"
Iceland,2015,"330,243"
Iceland,2010,"320,328"
Iceland,2005,"294,979"
Iceland,2000,"280,435"
Iceland,1995,"267,629"
Iceland,1990,"255,043"
Iceland,1985,"241,582"
Iceland,1980,"228,262"
Iceland,1975,"218,070"
Iceland,1970,"204,426"
Iceland,1965,"192,313"
Iceland,1960,"175,592"
Iceland,1955,"157,642"
Belize,2020,"397,628"
Belize,2019,"390,353"
Belize,2018,"383,071"
Belize,2017,"375,769"
Belize,2016,"368,400"
Belize,2015,"360,933"
Belize,2010,"322,464"
Belize,2005,"283,800"
Belize,2000,"247,315"
Guadeloupe,2020,"400,124"
Guadeloupe,2019,"400,056"
Guadeloupe,2018,"399,848"
Guadeloupe,2017,"399,672"
Guadeloupe,2016,"399,763"
Guadeloupe,2015,"400,255"
Guadeloupe,2010,"406,071"
Guadeloupe,2005,"402,904"
Guadeloupe,2000,"422,051"
Guadeloupe,1995,"403,738"
Guadeloupe,1990,"389,249"
Belize,1995,"206,963"
Belize,1990,"187,552"
Belize,1985,"164,921"
Belize,1980,"144,155"
Belize,1975,"133,260"
Belize,1970,"122,182"
Belize,1965,"106,119"
Belize,1960,"92,064"
Belize,1955,"79,870"
Guadeloupe,1985,"342,730"
Guadeloupe,1980,"336,685"
Guadeloupe,1975,"328,493"
Guadeloupe,1970,"321,883"
Guadeloupe,1965,"300,056"
Guadeloupe,1960,"275,161"
Guadeloupe,1955,"236,064"
Saint Lucia,2020,"183,627"
Saint Lucia,2019,"182,790"
Saint Lucia,2018,"181,889"
Saint Lucia,2017,"180,954"
Saint Lucia,2016,"180,024"
Saint Lucia,2015,"179,126"
Saint Lucia,2010,"174,085"
Saint Lucia,2005,"163,417"
Saint Lucia,2000,"156,729"
Saint Lucia,1995,"146,870"
Saint Lucia,1990,"138,020"
Saint Lucia,1985,"126,244"
Saint Lucia,1980,"117,822"
Saint Lucia,1975,"109,627"
Saint Lucia,1970,"104,015"
Saint Lucia,1965,"96,134"
Saint Lucia,1960,"89,697"
Saint Lucia,1955,"86,477"
Brunei ,2020,"437,479"
Brunei ,2019,"433,285"
Brunei ,2018,"428,963"
Brunei ,2017,"424,473"
Brunei ,2016,"419,800"
Brunei ,2015,"414,907"
Brunei ,2010,"388,646"
Brunei ,2005,"365,114"
Brunei ,2000,"333,165"
Brunei ,1995,"297,114"
Brunei ,1990,"258,721"
Brunei ,1985,"224,449"
Brunei ,1980,"193,879"
Brunei ,1975,"161,626"
Brunei ,1970,"129,529"
Brunei ,1965,"102,386"
Brunei ,1960,"81,702"
Brunei ,1955,"63,356"
Malta,2020,"441,543"
Malta,2019,"440,372"
Malta,2018,"439,248"
Malta,2017,"437,933"
Malta,2016,"436,097"
Malta,2015,"433,559"
Malta,2010,"414,253"
Malta,2005,"404,653"
Malta,2000,"393,645"
Malta,1995,"376,896"
Malta,1990,"362,015"
Malta,1985,"346,250"
Malta,1980,"331,497"
Malta,1975,"322,356"
Malta,1970,"320,545"
Malta,1965,"322,242"
Malta,1960,"312,973"
Malta,1955,"313,526"
Cabo Verde,2020,"555,987"
Cabo Verde,2019,"549,935"
Cabo Verde,2018,"543,767"
Cabo Verde,2017,"537,498"
Cabo Verde,2016,"531,146"
Cabo Verde,2015,"524,743"
Cabo Verde,2010,"492,654"
Cabo Verde,2005,"463,032"
Cabo Verde,2000,"428,188"
Cabo Verde,1995,"386,284"
Cabo Verde,1990,"337,950"
Cabo Verde,1985,"311,678"
Cabo Verde,1980,"283,847"
Cabo Verde,1975,"270,247"
Cabo Verde,1970,"268,627"
Maldives,2020,"540,544"
Maldives,2019,"530,953"
Maldives,2018,"515,696"
Maldives,2017,"496,402"
Maldives,2016,"475,512"
Maldives,2015,"454,915"
Maldives,2010,"365,734"
Maldives,2005,"319,608"
Maldives,2000,"279,398"
Maldives,1995,"254,139"
Maldives,1990,"223,158"
Maldives,1985,"189,537"
Maldives,1980,"158,272"
Maldives,1975,"136,417"
Western Sahara,2020,"597,339"
Western Sahara,2019,"582,463"
Western Sahara,2018,"567,402"
Western Sahara,2017,"552,615"
Western Sahara,2016,"538,749"
Western Sahara,2015,"526,216"
Western Sahara,2010,"480,274"
Western Sahara,2005,"437,515"
Western Sahara,2000,"314,118"
Western Sahara,1995,"255,634"
Western Sahara,1990,"217,258"
Western Sahara,1985,"182,421"
Western Sahara,1980,"150,877"
Western Sahara,1975,"74,954"
Cabo Verde,1965,"230,418"
Cabo Verde,1960,"201,765"
Cabo Verde,1955,"197,195"
Maldives,1970,"115,691"
Maldives,1965,"102,718"
Maldives,1960,"89,863"
Maldives,1955,"79,703"
Western Sahara,1970,"76,874"
Western Sahara,1965,"50,970"
Western Sahara,1960,"32,761"
Western Sahara,1955,"21,147"
Luxembourg,2020,"625,978"
Luxembourg,2019,"615,729"
Luxembourg,2018,"604,245"
Luxembourg,2017,"591,910"
Luxembourg,2016,"579,264"
Luxembourg,2015,"566,741"
Luxembourg,2010,"507,889"
Luxembourg,2005,"457,842"
Luxembourg,2000,"436,103"
Luxembourg,1995,"408,149"
Luxembourg,1990,"381,791"
Luxembourg,1985,"366,884"
Luxembourg,1980,"364,038"
Luxembourg,1975,"353,983"
Luxembourg,1970,"339,668"
Luxembourg,1965,"330,161"
Luxembourg,1960,"314,588"
Luxembourg,1955,"305,261"
Bhutan,2020,"771,608"
Bhutan,2019,"763,092"
Bhutan,2018,"754,388"
Bhutan,2017,"745,563"
Bhutan,2016,"736,708"
Bhutan,2015,"727,876"
Bhutan,2010,"685,503"
Bhutan,2005,"648,739"
Bhutan,2000,"591,021"
Bhutan,1995,"534,620"
Bhutan,1990,"530,804"
Bhutan,1985,"464,266"
Bhutan,1980,"406,875"
Bhutan,1975,"348,396"
Bhutan,1970,"297,316"
Bhutan,1965,"253,994"
Bhutan,1960,"223,288"
Bhutan,1955,"197,457"
Guyana,2020,"786,552"
Guyana,2019,"782,766"
Guyana,2018,"779,006"
Guyana,2017,"775,222"
Guyana,2016,"771,368"
Guyana,2015,"767,432"
Guyana,2010,"749,436"
Guyana,2005,"746,163"
Guyana,2000,"746,715"
Guyana,1995,"761,291"
Guyana,1990,"743,309"
Guyana,1985,"770,435"
Guyana,1980,"780,153"
Guyana,1975,"745,841"
Guyana,1970,"704,934"
Guyana,1965,"651,868"
Guyana,1960,"571,819"
Guyana,1955,"482,555"
Bahamas,2020,"393,244"
Bahamas,2019,"389,482"
Bahamas,2018,"385,637"
Bahamas,2017,"381,755"
Bahamas,2016,"377,930"
Bahamas,2015,"374,206"
Bahamas,2010,"354,942"
Bahamas,2005,"324,859"
Bahamas,2000,"298,051"
Bahamas,1995,"280,184"
Bahamas,1990,"256,223"
Bahamas,1985,"234,578"
Bahamas,1980,"210,591"
Bahamas,1975,"188,896"
Bahamas,1970,"169,377"
Bahamas,1965,"140,059"
Bahamas,1960,"109,534"
Bahamas,1955,"88,631"
Fiji,2020,"896,445"
Fiji,2019,"889,953"
Fiji,2018,"883,483"
Fiji,2017,"877,459"
Fiji,2016,"872,399"
Fiji,2015,"868,627"
Fiji,2010,"859,818"
Fiji,2005,"821,604"
Fiji,2000,"811,006"
Fiji,1995,"775,425"
Fiji,1990,"728,573"
Fiji,1985,"711,775"
Fiji,1980,"635,307"
Fiji,1975,"576,626"
Fiji,1970,"520,562"
Fiji,1965,"463,968"
Fiji,1960,"393,481"
Fiji,1955,"335,098"
Djibouti,2020,"988,000"
Djibouti,2019,"973,560"
Djibouti,2018,"958,923"
Djibouti,2017,"944,099"
Djibouti,2016,"929,112"
Djibouti,2015,"913,993"
Djibouti,2010,"840,198"
Djibouti,2005,"783,254"
Djibouti,2000,"717,584"
Djibouti,1995,"630,388"
Djibouti,1990,"590,398"
Djibouti,1985,"425,613"
Djibouti,1980,"358,960"
Djibouti,1975,"224,183"
Djibouti,1970,"159,659"
Djibouti,1965,"114,963"
Djibouti,1960,"83,636"
Djibouti,1955,"69,589"
Suriname,2020,"586,632"
Suriname,2019,"581,372"
Suriname,2018,"575,990"
Suriname,2017,"570,496"
Suriname,2016,"564,888"
Suriname,2015,"559,143"
Suriname,2010,"529,131"
Suriname,2005,"499,464"
Suriname,2000,"470,949"
Suriname,1995,"441,851"
Suriname,1990,"405,168"
Suriname,1985,"368,638"
Suriname,1980,"359,519"
Suriname,1975,"359,226"
Suriname,1970,"367,931"
Suriname,1965,"328,936"
Suriname,1960,"287,871"
Suriname,1955,"249,000"
Eswatini,2020,"1,160,164"
Eswatini,2019,"1,148,130"
Eswatini,2018,"1,136,281"
Eswatini,2017,"1,124,805"
Eswatini,2016,"1,113,997"
Eswatini,2015,"1,104,044"
Eswatini,2010,"1,064,837"
Eswatini,2005,"1,030,579"
Eswatini,2000,"1,005,435"
Eswatini,1995,"926,841"
Eswatini,1990,"822,420"
Eswatini,1985,"699,080"
Eswatini,1980,"587,858"
Eswatini,1975,"499,763"
Eswatini,1970,"431,253"
Eswatini,1965,"373,919"
Eswatini,1960,"336,583"
Eswatini,1955,"303,028"
Macao,2020,"649,335"
Macao,2019,"640,445"
Macao,2018,"631,636"
Macao,2017,"622,585"
Macao,2016,"612,836"
Macao,2015,"602,085"
Macao,2010,"538,219"
Macao,2005,"482,858"
Macao,2000,"427,782"
Macao,1995,"385,513"
Macao,1990,"343,808"
Macao,1985,"283,503"
Macao,1980,"238,071"
Macao,1975,"241,628"
Macao,1970,"246,194"
Macao,1965,"203,228"
Macao,1960,"167,791"
Macao,1955,"189,460"
Montenegro,2020,"628,066"
Montenegro,2019,"627,987"
Montenegro,2018,"627,809"
Montenegro,2017,"627,563"
Montenegro,2016,"627,264"
Montenegro,2015,"626,956"
Montenegro,2010,"624,275"
Montenegro,2005,"616,391"
Montenegro,2000,"613,559"
Montenegro,1995,"620,418"
Montenegro,1990,"615,002"
Montenegro,1985,"614,016"
Montenegro,1980,"580,754"
Montenegro,1975,"554,262"
Montenegro,1970,"519,696"
Montenegro,1965,"533,814"
Montenegro,1960,"487,413"
Montenegro,1955,"443,795"
Solomon Islands,2020,"686,884"
Solomon Islands,2019,"669,823"
Solomon Islands,2018,"652,857"
Solomon Islands,2017,"636,039"
Solomon Islands,2016,"619,438"
Solomon Islands,2015,"603,118"
Solomon Islands,2010,"527,861"
Solomon Islands,2005,"469,918"
Solomon Islands,2000,"412,660"
Solomon Islands,1995,"359,281"
Solomon Islands,1990,"311,866"
Solomon Islands,1985,"270,788"
Solomon Islands,1980,"230,546"
Solomon Islands,1975,"193,402"
Solomon Islands,1970,"160,250"
Solomon Islands,1965,"136,816"
Solomon Islands,1960,"117,849"
Solomon Islands,1955,"102,002"
Mauritius,2020,"1,271,768"
Mauritius,2019,"1,269,668"
Mauritius,2018,"1,267,185"
Mauritius,2017,"1,264,499"
Mauritius,2016,"1,261,865"
Mauritius,2015,"1,259,456"
Mauritius,2010,"1,247,955"
Mauritius,2005,"1,222,003"
Mauritius,2000,"1,185,145"
Mauritius,1995,"1,128,673"
Mauritius,1990,"1,055,868"
Mauritius,1985,"1,015,762"
Mauritius,1980,"966,031"
Mauritius,1975,"892,211"
Mauritius,1970,"826,441"
Mauritius,1965,"753,285"
Mauritius,1960,"660,023"
Mauritius,1955,"570,648"
Cyprus,2020,"1,207,359"
Cyprus,2019,"1,198,575"
Cyprus,2018,"1,189,265"
Cyprus,2017,"1,179,678"
Cyprus,2016,"1,170,187"
Cyprus,2015,"1,160,985"
Cyprus,2010,"1,112,612"
Cyprus,2005,"1,027,662"
Cyprus,2000,"943,290"
Cyprus,1995,"855,383"
Cyprus,1990,"766,615"
Cyprus,1985,"703,685"
Cyprus,1980,"685,405"
Cyprus,1975,"649,751"
Cyprus,1970,"613,618"
Cyprus,1965,"580,966"
Cyprus,1960,"572,930"
Cyprus,1955,"529,972"
Comoros,2020,"869,601"
Comoros,2019,"850,886"
Comoros,2018,"832,322"
Comoros,2017,"813,892"
Comoros,2016,"795,592"
Comoros,2015,"777,424"
Comoros,2010,"689,692"
Comoros,2005,"611,627"
Comoros,2000,"542,357"
Comoros,1995,"475,394"
Comoros,1990,"411,594"
Comoros,1985,"355,337"
Comoros,1980,"307,829"
Comoros,1975,"257,290"
Comoros,1970,"230,054"
Comoros,1965,"207,424"
Comoros,1960,"191,121"
Comoros,1955,"175,903"
Estonia,2020,"1,326,535"
Estonia,2019,"1,325,648"
Estonia,2018,"1,322,920"
Estonia,2017,"1,319,390"
Estonia,2016,"1,316,510"
Estonia,2015,"1,315,325"
Estonia,2010,"1,332,101"
Estonia,2005,"1,355,648"
Estonia,2000,"1,399,112"
Estonia,1995,"1,433,024"
Estonia,1990,"1,565,246"
Estonia,1985,"1,522,400"
Estonia,1980,"1,474,439"
Estonia,1975,"1,422,043"
Estonia,1970,"1,360,202"
Estonia,1965,"1,290,396"
Estonia,1960,"1,216,819"
Estonia,1955,"1,159,231"
Trinidad and Tobago,2020,"1,399,488"
Trinidad and Tobago,2019,"1,394,973"
Trinidad and Tobago,2018,"1,389,843"
Trinidad and Tobago,2017,"1,384,059"
Trinidad and Tobago,2016,"1,377,560"
Trinidad and Tobago,2015,"1,370,328"
Trinidad and Tobago,2010,"1,328,147"
Trinidad and Tobago,2005,"1,296,502"
Trinidad and Tobago,2000,"1,267,153"
Trinidad and Tobago,1995,"1,254,200"
Trinidad and Tobago,1990,"1,221,116"
Trinidad and Tobago,1985,"1,170,285"
Trinidad and Tobago,1980,"1,084,744"
Trinidad and Tobago,1975,"1,010,936"
Trinidad and Tobago,1970,"945,360"
Trinidad and Tobago,1965,"911,737"
Trinidad and Tobago,1960,"847,979"
Trinidad and Tobago,1955,"739,709"
Réunion,2020,"895,312"
Réunion,2019,"888,927"
Réunion,2018,"882,526"
Réunion,2017,"876,134"
Réunion,2016,"869,743"
Réunion,2015,"863,363"
Réunion,2010,"830,519"
Réunion,2005,"791,598"
Réunion,2000,"736,710"
Réunion,1995,"673,541"
Réunion,1990,"610,582"
Réunion,1985,"558,699"
Réunion,1980,"509,265"
Réunion,1975,"484,777"
Réunion,1970,"462,025"
Réunion,1965,"390,775"
Réunion,1960,"335,693"
Réunion,1955,"291,658"
Equatorial Guinea,2020,"1,402,985"
Equatorial Guinea,2019,"1,355,986"
Equatorial Guinea,2018,"1,308,975"
Equatorial Guinea,2017,"1,262,002"
Equatorial Guinea,2016,"1,215,180"
Equatorial Guinea,2015,"1,168,568"
Equatorial Guinea,2010,"943,639"
Equatorial Guinea,2005,"749,535"
Equatorial Guinea,2000,"606,181"
Equatorial Guinea,1995,"496,768"
Equatorial Guinea,1990,"419,188"
Equatorial Guinea,1985,"352,118"
Equatorial Guinea,1980,"249,929"
Equatorial Guinea,1975,"255,800"
Equatorial Guinea,1970,"303,982"
Equatorial Guinea,1965,"276,300"
Equatorial Guinea,1960,"255,333"
Equatorial Guinea,1955,"239,873"
Bahrain,2020,"1,701,575"
Bahrain,2019,"1,641,172"
Bahrain,2018,"1,569,446"
Bahrain,2017,"1,494,076"
Bahrain,2016,"1,425,792"
Bahrain,2015,"1,371,851"
Bahrain,2010,"1,240,860"
Bahrain,2005,"889,164"
Bahrain,2000,"664,611"
Bahrain,1995,"563,697"
Bahrain,1990,"495,931"
Bahrain,1985,"419,428"
Bahrain,1980,"359,888"
Bahrain,1975,"266,543"
Bahrain,1970,"212,605"
Bahrain,1965,"187,431"
Bahrain,1960,"162,427"
Bahrain,1955,"133,585"
Latvia,2020,"1,886,198"
Latvia,2019,"1,906,743"
Latvia,2018,"1,928,459"
Latvia,2017,"1,951,097"
Latvia,2016,"1,974,266"
Latvia,2015,"1,997,674"
Latvia,2010,"2,118,861"
Latvia,2005,"2,251,993"
Latvia,2000,"2,384,164"
Latvia,1995,"2,508,480"
Latvia,1990,"2,664,439"
Latvia,1985,"2,580,758"
Latvia,1980,"2,521,391"
Latvia,1975,"2,469,444"
Latvia,1970,"2,378,021"
Latvia,1965,"2,266,943"
Latvia,1960,"2,129,586"
Latvia,1955,"2,001,574"
Guinea-Bissau,2020,"1,968,001"
Guinea-Bissau,2019,"1,920,922"
Guinea-Bissau,2018,"1,874,303"
Guinea-Bissau,2017,"1,828,145"
Guinea-Bissau,2016,"1,782,438"
Guinea-Bissau,2015,"1,737,202"
Guinea-Bissau,2010,"1,522,599"
Guinea-Bissau,2005,"1,344,930"
Guinea-Bissau,2000,"1,201,301"
Guinea-Bissau,1995,"1,088,854"
Guinea-Bissau,1990,"975,261"
Guinea-Bissau,1985,"872,163"
Guinea-Bissau,1980,"781,677"
Guinea-Bissau,1975,"765,989"
Guinea-Bissau,1970,"704,939"
Guinea-Bissau,1965,"649,790"
Guinea-Bissau,1960,"616,136"
Guinea-Bissau,1955,"576,136"
North Macedonia,2020,"2,083,374"
North Macedonia,2019,"2,083,459"
North Macedonia,2018,"2,082,957"
North Macedonia,2017,"2,081,996"
North Macedonia,2016,"2,080,743"
North Macedonia,2015,"2,079,328"
North Macedonia,2010,"2,070,741"
North Macedonia,2005,"2,060,273"
North Macedonia,2000,"2,034,819"
North Macedonia,1995,"1,983,252"
North Macedonia,1990,"1,996,228"
North Macedonia,1985,"1,981,534"
North Macedonia,1980,"1,924,197"
North Macedonia,1975,"1,803,010"
North Macedonia,1970,"1,720,800"
North Macedonia,1965,"1,592,433"
North Macedonia,1960,"1,488,667"
North Macedonia,1955,"1,392,449"
Slovenia,2020,"2,078,938"
Slovenia,2019,"2,078,654"
Slovenia,2018,"2,077,837"
Slovenia,2017,"2,076,394"
Slovenia,2016,"2,074,210"
Slovenia,2015,"2,071,199"
Slovenia,2010,"2,043,337"
Slovenia,2005,"1,994,976"
Slovenia,2000,"1,987,717"
Slovenia,1995,"1,991,131"
Slovenia,1990,"2,006,405"
Slovenia,1985,"1,945,130"
Slovenia,1980,"1,835,831"
Slovenia,1975,"1,742,623"
Slovenia,1970,"1,669,581"
Slovenia,1965,"1,629,433"
Slovenia,1960,"1,586,637"
Slovenia,1955,"1,527,205"
Lesotho,2020,"2,142,249"
Lesotho,2019,"2,125,268"
Lesotho,2018,"2,108,328"
Lesotho,2017,"2,091,534"
Lesotho,2016,"2,075,030"
Lesotho,2015,"2,059,021"
Lesotho,2010,"1,995,581"
Lesotho,2005,"1,996,114"
Lesotho,2000,"2,032,804"
Lesotho,1995,"1,898,598"
Lesotho,1990,"1,703,747"
Lesotho,1985,"1,526,131"
Lesotho,1980,"1,340,255"
Lesotho,1975,"1,160,792"
Lesotho,1970,"1,028,926"
Lesotho,1965,"922,306"
Lesotho,1960,"837,270"
Lesotho,1955,"766,763"
Gabon,2020,"2,225,734"
Gabon,2019,"2,172,579"
Gabon,2018,"2,119,275"
Gabon,2017,"2,064,823"
Gabon,2016,"2,007,873"
Gabon,2015,"1,947,686"
Gabon,2010,"1,624,140"
Gabon,2005,"1,390,549"
Gabon,2000,"1,228,360"
Gabon,1995,"1,084,946"
Gabon,1990,"949,488"
Gabon,1985,"827,108"
Gabon,1980,"726,328"
Gabon,1975,"647,536"
Gabon,1970,"589,314"
Gabon,1965,"533,361"
Gabon,1960,"500,928"
Gabon,1955,"484,313"
Gambia,2020,"2,416,668"
Gambia,2019,"2,347,706"
Gambia,2018,"2,280,094"
Gambia,2017,"2,213,889"
Gambia,2016,"2,149,136"
Gambia,2015,"2,085,860"
Gambia,2010,"1,793,196"
Gambia,2005,"1,543,741"
Gambia,2000,"1,317,703"
Gambia,1995,"1,128,575"
Gambia,1990,"955,593"
Gambia,1985,"755,787"
Gambia,1980,"637,246"
Gambia,1975,"539,979"
Gambia,1970,"464,410"
Gambia,1965,"405,259"
Gambia,1960,"365,047"
Gambia,1955,"329,661"
Botswana,2020,"2,351,627"
Botswana,2019,"2,303,697"
Botswana,2018,"2,254,068"
Botswana,2017,"2,205,080"
Botswana,2016,"2,159,927"
Botswana,2015,"2,120,716"
Botswana,2010,"1,987,105"
Botswana,2005,"1,799,078"
Botswana,2000,"1,643,334"
Botswana,1995,"1,469,174"
Botswana,1990,"1,286,756"
Botswana,1985,"1,069,582"
Botswana,1980,"897,868"
Botswana,1975,"741,355"
Botswana,1970,"627,715"
Botswana,1965,"559,994"
Botswana,1960,"502,745"
Botswana,1955,"463,359"
Namibia,2020,"2,540,905"
Namibia,2019,"2,494,530"
Namibia,2018,"2,448,301"
Namibia,2017,"2,402,633"
Namibia,2016,"2,358,044"
Namibia,2015,"2,314,904"
Namibia,2010,"2,118,874"
Namibia,2005,"1,938,320"
Namibia,2000,"1,794,571"
Namibia,1995,"1,627,865"
Namibia,1990,"1,432,905"
Namibia,1985,"1,198,148"
Namibia,1980,"1,057,727"
Namibia,1975,"947,921"
Namibia,1970,"817,469"
Namibia,1965,"716,584"
Namibia,1960,"634,142"
Namibia,1955,"567,847"
Lithuania,2020,"2,722,289"
Lithuania,2019,"2,759,627"
Lithuania,2018,"2,801,264"
Lithuania,2017,"2,845,414"
Lithuania,2016,"2,889,557"
Lithuania,2015,"2,931,880"
Lithuania,2010,"3,123,816"
Lithuania,2005,"3,344,268"
Lithuania,2000,"3,501,839"
Lithuania,1995,"3,626,612"
Lithuania,1990,"3,696,035"
Lithuania,1985,"3,562,397"
Lithuania,1980,"3,430,760"
Lithuania,1975,"3,298,879"
Lithuania,1970,"3,136,586"
Lithuania,1965,"2,966,165"
Lithuania,1960,"2,769,876"
Lithuania,1955,"2,628,751"
Timor-Leste,2020,"1,318,445"
Timor-Leste,2019,"1,293,119"
Timor-Leste,2018,"1,267,974"
Timor-Leste,2017,"1,243,258"
Timor-Leste,2016,"1,219,288"
Timor-Leste,2015,"1,196,302"
Timor-Leste,2010,"1,093,523"
Timor-Leste,2005,"995,135"
Timor-Leste,2000,"884,366"
Timor-Leste,1995,"844,334"
Timor-Leste,1990,"737,814"
Timor-Leste,1985,"657,053"
Timor-Leste,1980,"599,905"
Timor-Leste,1975,"629,227"
Timor-Leste,1970,"571,565"
Timor-Leste,1965,"519,686"
Timor-Leste,1960,"474,532"
Timor-Leste,1955,"439,223"
Albania,2020,"2,877,797"
Albania,2019,"2,880,917"
Albania,2018,"2,882,740"
Albania,2017,"2,884,169"
Albania,2016,"2,886,438"
Albania,2015,"2,890,513"
Albania,2010,"2,948,023"
Albania,2005,"3,086,810"
Albania,2000,"3,129,243"
Albania,1995,"3,112,936"
Albania,1990,"3,286,073"
Albania,1985,"2,969,672"
Albania,1980,"2,682,690"
Albania,1975,"2,411,732"
Albania,1970,"2,150,707"
Albania,1965,"1,896,171"
Albania,1960,"1,636,090"
Albania,1955,"1,419,994"
Puerto Rico,2020,"2,860,853"
Puerto Rico,2019,"2,933,408"
Puerto Rico,2018,"3,039,596"
Puerto Rico,2017,"3,163,667"
Puerto Rico,2016,"3,283,125"
Puerto Rico,2015,"3,381,518"
Puerto Rico,2010,"3,579,841"
Puerto Rico,2005,"3,631,889"
Puerto Rico,2000,"3,668,960"
Puerto Rico,1995,"3,567,696"
Puerto Rico,1990,"3,403,154"
Puerto Rico,1985,"3,263,179"
Puerto Rico,1980,"3,090,691"
Puerto Rico,1975,"2,844,927"
Puerto Rico,1970,"2,631,707"
Puerto Rico,1965,"2,507,537"
Puerto Rico,1960,"2,294,982"
Puerto Rico,1955,"2,195,516"
Qatar,2020,"2,881,053"
Qatar,2019,"2,832,067"
Qatar,2018,"2,781,682"
Qatar,2017,"2,724,728"
Qatar,2016,"2,654,374"
Qatar,2015,"2,565,710"
Qatar,2010,"1,856,327"
Qatar,2005,"865,416"
Qatar,2000,"592,468"
Qatar,1995,"513,442"
Qatar,1990,"476,278"
Qatar,1985,"370,890"
Qatar,1980,"223,632"
Qatar,1975,"164,320"
Qatar,1970,"109,514"
Qatar,1965,"73,633"
Qatar,1960,"47,384"
Qatar,1955,"35,866"
Jamaica,2020,"2,961,167"
Jamaica,2019,"2,948,279"
Jamaica,2018,"2,934,847"
Jamaica,2017,"2,920,848"
Jamaica,2016,"2,906,236"
Jamaica,2015,"2,891,021"
Jamaica,2010,"2,810,460"
Jamaica,2005,"2,740,003"
Jamaica,2000,"2,654,701"
Jamaica,1995,"2,533,711"
Jamaica,1990,"2,419,906"
Jamaica,1985,"2,335,510"
Jamaica,1980,"2,162,846"
Jamaica,1975,"2,028,016"
Jamaica,1970,"1,875,642"
Jamaica,1965,"1,756,511"
Jamaica,1960,"1,628,520"
Jamaica,1955,"1,540,956"
Uruguay,2020,"3,473,730"
Uruguay,2019,"3,461,734"
Uruguay,2018,"3,449,285"
Uruguay,2017,"3,436,641"
Uruguay,2016,"3,424,129"
Uruguay,2015,"3,412,009"
Uruguay,2010,"3,359,275"
Uruguay,2005,"3,321,803"
Uruguay,2000,"3,319,736"
Uruguay,1995,"3,224,281"
Uruguay,1990,"3,109,601"
Uruguay,1985,"3,011,519"
Uruguay,1980,"2,915,389"
Uruguay,1975,"2,830,176"
Uruguay,1970,"2,809,793"
Uruguay,1965,"2,694,536"
Uruguay,1960,"2,538,643"
Uruguay,1955,"2,372,559"
Bosnia and Herzegovina,2020,"3,280,819"
Bosnia and Herzegovina,2019,"3,301,000"
Bosnia and Herzegovina,2018,"3,323,925"
Bosnia and Herzegovina,2017,"3,351,525"
Bosnia and Herzegovina,2016,"3,386,266"
Bosnia and Herzegovina,2015,"3,429,361"
Bosnia and Herzegovina,2010,"3,705,472"
Bosnia and Herzegovina,2005,"3,765,331"
Bosnia and Herzegovina,2000,"3,751,176"
Bosnia and Herzegovina,1995,"3,829,050"
Georgia,2020,"3,989,167"
Georgia,2019,"3,996,765"
Georgia,2018,"4,002,942"
Georgia,2017,"4,008,716"
Georgia,2016,"4,015,450"
Georgia,2015,"4,024,183"
Georgia,2010,"4,099,099"
Georgia,2005,"4,210,168"
Georgia,2000,"4,362,187"
Georgia,1995,"4,976,260"
Georgia,1990,"5,410,399"
Georgia,1985,"5,211,454"
Georgia,1980,"5,017,833"
Georgia,1975,"4,873,639"
Bosnia and Herzegovina,1990,"4,463,423"
Bosnia and Herzegovina,1985,"4,392,131"
Bosnia and Herzegovina,1980,"4,179,855"
Bosnia and Herzegovina,1975,"3,985,105"
Bosnia and Herzegovina,1970,"3,760,529"
Bosnia and Herzegovina,1965,"3,535,643"
Bosnia and Herzegovina,1960,"3,225,668"
Bosnia and Herzegovina,1955,"2,936,309"
Georgia,1970,"4,713,342"
Georgia,1965,"4,371,527"
Georgia,1960,"4,007,723"
Georgia,1955,"3,713,133"
Eritrea,2020,"3,546,421"
Eritrea,2019,"3,497,117"
Eritrea,2018,"3,452,786"
Eritrea,2017,"3,412,893"
Eritrea,2016,"3,376,557"
Eritrea,2015,"3,342,818"
Eritrea,2010,"3,170,435"
Eritrea,2005,"2,826,659"
Eritrea,2000,"2,292,416"
Eritrea,1995,"2,204,222"
Eritrea,1990,"2,258,653"
Eritrea,1985,"2,003,937"
Eritrea,1980,"1,733,416"
Eritrea,1975,"1,505,439"
Eritrea,1970,"1,310,945"
Eritrea,1965,"1,148,189"
Eritrea,1960,"1,007,590"
Eritrea,1955,"899,752"
Croatia,2020,"4,105,267"
Croatia,2019,"4,130,304"
Croatia,2018,"4,156,405"
Croatia,2017,"4,182,857"
Croatia,2016,"4,208,602"
Croatia,2015,"4,232,874"
Croatia,2010,"4,328,165"
Croatia,2005,"4,378,058"
Croatia,2000,"4,428,075"
Croatia,1995,"4,616,766"
